{"cameraMode":{"drawMode":0,"name":"Shaded","section":"Shading Mode"},"sceneLighting":true,"audioPlay":false,"sceneViewState":{"m_AlwaysRefresh":false,"showFog":true,"showSkybox":true,"showFlares":true,"showImageEffects":true,"showParticleSystems":true,"showVisualEffectGraphs":true,"m_FxEnabled":true},"in2DMode":false,"pivot":{"x":-367.46051025390627,"y":854.7457885742188,"z":-4796.44189453125},"rotation":{"x":0.024645444005727769,"y":0.6406335830688477,"z":-0.020083526149392129,"w":0.7672960758209229},"size":537.2610473632813,"orthographic":true}