{"cameraMode":{"drawMode":0,"name":"Shaded","section":"Shading Mode"},"sceneLighting":true,"audioPlay":false,"sceneViewState":{"m_AlwaysRefresh":false,"showFog":true,"showSkybox":true,"showFlares":true,"showImageEffects":true,"showParticleSystems":true,"showVisualEffectGraphs":true,"m_FxEnabled":true},"in2DMode":false,"pivot":{"x":1783.848876953125,"y":943.2626342773438,"z":-4893.5302734375},"rotation":{"x":-0.013199728913605214,"y":0.022463349625468255,"z":0.0005379440262913704,"w":0.9997169375419617},"size":1104.375244140625,"orthographic":true}