{"cameraMode":{"drawMode":0,"name":"Shaded","section":"Shading Mode"},"sceneLighting":true,"audioPlay":false,"sceneViewState":{"m_AlwaysRefresh":false,"showFog":true,"showSkybox":true,"showFlares":true,"showImageEffects":true,"showParticleSystems":true,"showVisualEffectGraphs":true,"m_FxEnabled":true},"in2DMode":false,"pivot":{"x":-1228.07275390625,"y":763.3049926757813,"z":-4609.4599609375},"rotation":{"x":-0.00019588864233810455,"y":0.9992770552635193,"z":0.027005741372704507,"w":0.03041302040219307},"size":590.8562622070313,"orthographic":true}