{"cameraMode":{"drawMode":0,"name":"Shaded","section":"Shading Mode"},"sceneLighting":true,"audioPlay":false,"sceneViewState":{"m_AlwaysRefresh":false,"showFog":true,"showSkybox":true,"showFlares":true,"showImageEffects":true,"showParticleSystems":true,"showVisualEffectGraphs":true,"m_FxEnabled":true},"in2DMode":false,"pivot":{"x":-1029.7125244140625,"y":-222.85458374023438,"z":-5529.8857421875},"rotation":{"x":-0.034830063581466678,"y":-0.9356974959373474,"z":0.33901500701904299,"w":-0.09321661293506623},"size":1225.3878173828125,"orthographic":true}