{"cameraMode":{"drawMode":0,"name":"Shaded","section":"Shading Mode"},"sceneLighting":true,"audioPlay":false,"sceneViewState":{"m_AlwaysRefresh":false,"showFog":true,"showSkybox":true,"showFlares":true,"showImageEffects":true,"showParticleSystems":true,"showVisualEffectGraphs":true,"m_FxEnabled":true},"in2DMode":false,"pivot":{"x":-52.59718322753906,"y":243.20172119140626,"z":252.38424682617188},"rotation":{"x":0.1397303342819214,"y":0.5185304880142212,"z":-0.08633919805288315,"w":0.8391377329826355},"size":143.20616149902345,"orthographic":true}