{"cameraMode":{"drawMode":0,"name":"Shaded","section":"Shading Mode"},"sceneLighting":false,"audioPlay":false,"sceneViewState":{"m_AlwaysRefresh":false,"showFog":true,"showSkybox":false,"showFlares":true,"showImageEffects":true,"showParticleSystems":true,"showVisualEffectGraphs":true,"m_FxEnabled":true},"in2DMode":false,"pivot":{"x":377.46051025390627,"y":622.8959350585938,"z":-3653.514404296875},"rotation":{"x":-0.013712840154767037,"y":-0.7127354741096497,"z":0.013433663174510003,"w":-0.7012975215911865},"size":505.1426086425781,"orthographic":true}