{"cameraMode":{"drawMode":0,"name":"Shaded","section":"Shading Mode"},"sceneLighting":false,"audioPlay":false,"sceneViewState":{"m_AlwaysRefresh":false,"showFog":true,"showSkybox":false,"showFlares":true,"showImageEffects":true,"showParticleSystems":true,"showVisualEffectGraphs":true,"m_FxEnabled":true},"in2DMode":false,"pivot":{"x":221.40164184570313,"y":22.59124755859375,"z":110.17184448242188},"rotation":{"x":0.1155887022614479,"y":0.20845681428909303,"z":-0.02482103928923607,"w":0.970869243144989},"size":121.20053100585938,"orthographic":true}