{"cameraMode":{"drawMode":0,"name":"Shaded","section":"Shading Mode"},"sceneLighting":false,"audioPlay":false,"sceneViewState":{"m_AlwaysRefresh":false,"showFog":true,"showSkybox":false,"showFlares":true,"showImageEffects":true,"showParticleSystems":true,"showVisualEffectGraphs":true,"m_FxEnabled":true},"in2DMode":false,"pivot":{"x":-3.1893787384033205,"y":100.22966003417969,"z":3.210521697998047},"rotation":{"x":0.07120631635189057,"y":0.9284542202949524,"z":-0.27050304412841799,"w":0.24440406262874604},"size":35.33997344970703,"orthographic":false}